temp,voltage,current,anomaly
37.06820234927293,4.498048138567774,408.43304902618905,1
20.052857092511072,4.139712353194483,795.3845625423239,0
34.08465140576437,3.3288309232914197,738.885964797608,0
21.811982415911988,4.179237707566429,848.0961256053895,1
32.167541007447404,4.822257910533118,951.6475761524434,1
33.40063993515611,3.566427289873772,768.2475404785292,0
37.25804328306111,4.384257522676023,714.2053250396166,1
28.432691767314328,3.401399852988976,299.27780463818794,0
20.303008405226624,3.30612777842004,648.4129286623007,0
22.092899876607174,4.362171465097639,427.1339102547116,0
36.24132952714793,4.476718876373997,481.030181325666,1
31.5091027380855,4.108094916434633,251.00615047995046,0
22.158050045719243,3.5480873288137165,413.128475397719,0
33.126127178248254,3.871285048735335,705.4825649768286,0
22.031346323544895,4.05435992315657,487.0944678351463,0
39.94193733614301,4.359249373334884,513.4682703730194,1
39.541677323750584,3.6174803059759317,155.45203025841283,1
31.459844239602518,4.989872884650653,884.9325379168494,1
23.754046684631437,3.886552705991903,629.2211309372107,0
25.567151026464238,3.806712951145834,126.73197757216369,0
31.393035929785487,4.0027154218308825,469.75933761768664,0
22.463430585011487,4.655063035383059,863.6874264154771,1
28.2689027543556,3.957433422532672,286.68869296331775,0
39.89259969223031,4.157250866330925,334.82967439673416,1
30.77972777267685,3.7528147307036175,477.0459777922256,0
25.916793171657844,4.158691957561601,647.1492695933318,0
21.549151278519183,4.433196276983482,418.73583614018264,0
35.5061789051424,4.709606191061729,827.4409584999626,1
31.62643640210197,3.561211991507045,853.1709869021491,1
27.89635862868785,4.287959874774561,931.6065938031179,1
27.1465483802021,3.443184210229769,296.94762024335967,0
34.34440703577568,4.158719756854625,541.8936947870307,0
32.96001412200859,3.8122897463447463,414.5056384125233,0
36.82025077350193,4.145140142825093,947.5975483942217,1
23.55183659709599,3.3365678875326883,895.0014059750087,1
23.641900573914036,3.3920327643103443,327.1075825545248,0
39.90761822706726,3.634901473745739,729.5830284268781,1
25.722952857347504,3.588415029354114,534.3994729037408,0
36.15139241378449,4.9493145209593745,302.9296092995056,1
25.40613757343542,3.9238155602406284,639.2769969574946,0
23.973671549529193,3.7079641607167737,741.7472439178135,0
26.316680965516053,4.38885706068326,494.21982962140163,0
36.12511992925855,4.35838707146049,810.608031951309,1
26.008506275942597,4.566632561822949,982.3692693441972,1
20.20907794438778,4.591830949621468,307.353586544264,0
24.32123759663216,3.79398408478105,590.6360968836723,0
32.02340444378612,4.707274961252005,406.98948367141537,0
34.23049535342942,4.4847046953156555,707.2938812565498,0
38.33866394755634,3.8839946492962465,940.6584780883937,1
21.443024402140406,3.47396412405923,624.217979201926,0
21.549104066252465,4.969873819011782,613.6510099623368,0
35.56369151730714,4.998123100384152,566.7729135566085,1
27.905278597112787,4.020112543415822,892.3778221373461,1
38.22602589298991,3.876653791232414,400.2156103018222,1
38.202495537239216,4.914016858694326,906.877125169864,1
37.377191636613006,4.432349710692004,599.7011167842621,1
20.283875164304398,3.648798889944847,375.009035662447,0
22.759765966725297,4.213224922759888,417.2304082586293,0
33.75778399342335,4.495208953690844,249.8797649407699,0
22.262844695415403,4.793090569382646,434.9711041715282,0
32.69644110997937,4.813944063333187,617.1485148218944,0
30.22071393982307,4.422086724239181,641.380801205772,0
22.83761221420989,3.967072503847863,804.5619566759659,1
23.00182727622478,3.921097664280554,612.0983624445581,0
27.093318214152635,3.6749586089016035,659.6726809728365,0
26.258569585636074,4.842749780321887,112.56490135240419,0
31.948211357520908,4.149389413868153,745.2485638870966,0
33.55957680205857,3.5883604222541714,664.9353161232287,0
33.64941404300224,4.791006685980507,759.1628234105759,0
39.8167713913486,4.907244320746107,390.59413694681564,1
36.39587180314257,3.775018746992983,164.39459347071266,1
39.14108176574681,4.070073033287198,997.9855974390874,1
36.40898075472545,4.95571085433634,346.02692897827376,1
20.353904231634278,4.840464952369126,110.2504737926708,0
22.519636521971155,4.904245928590172,608.5963855240944,0
23.621737873693977,4.365279605719749,726.0932732102017,0
23.323233043341492,4.393419904959908,132.1119191681642,0
27.1967955490595,3.6089495618813774,737.7015408879549,0
20.87090963062503,4.1961043064186585,158.59366139455219,0
28.438473349984974,4.28110971776201,175.91942153724207,0
25.57360014925903,4.953550510674222,292.3335983244806,0
35.48955469615976,4.032945298416924,814.0182209733975,1
22.89641356670272,4.594424954764985,636.031855698974,0
27.179086649846084,3.899144895213461,822.0436257390695,1
23.47749547074383,3.788395871906841,844.7284370057852,1
31.73164213960315,4.660622621666908,623.0380994031544,0
30.566371693818382,4.93157972466068,538.971067777938,0
37.26163434958092,4.26775357605665,157.34578858384862,1
36.42362167689922,4.69483902736361,384.81195120132014,1
37.90345960761114,4.984472479851874,780.0428553233611,1
33.60468935964992,4.6407976742877715,128.18495300871692,0
37.27529635231986,4.618665782259058,828.5181670133481,1
30.993443471608067,4.0133917003537105,949.0250851108184,1
22.035574592159783,4.059063763584842,722.8107617442765,0
23.805899144703115,4.055933137545646,469.8736852296735,0
38.153510493480056,3.8582279593593602,483.1277307198331,1
21.169835651422442,4.924702328118597,652.1180695705899,0
27.64462631395571,4.743347670585337,402.10012732500707,0
27.32682756081098,3.8185977060540575,370.9452460682931,0
34.445164949496274,4.858005900288395,314.7576445381658,0
30.724704394786908,3.6740061460186233,878.9647997586686,1
34.27009754731782,3.8222672996414584,200.0014180937215,0
33.280516674581,4.112776134285196,636.8468926325805,0
39.373578631029275,3.9593768258086106,414.5064462272391,1
36.33989230215815,3.652325959217571,648.6585765437109,1
30.24216590638394,4.172875157569223,870.4710005434872,1
38.49744015723887,3.751968804393487,230.00467881444882,1
35.37996253910856,4.308716627119603,841.1535644128077,1
27.414664595271386,3.35161850245667,672.9437739397,0
31.984426271751385,3.7226680673121866,721.4341080336343,0
38.75139113327229,4.071140973148427,867.8047730958559,1
25.50985346761489,3.3632179491945,442.4935268324624,0
37.21405137302487,4.688166615807543,649.2172829664931,1
31.44860432763709,4.135894574535058,335.900951814971,0
35.73631707952376,3.9535657413219356,414.85148888900477,1
20.576167106672496,4.500198855145854,935.7359654537354,1
32.321217169727305,3.461452989935398,324.18362813989734,0
38.66428913750251,4.913345575940921,548.2676495614144,1
20.573472407532382,4.86450286925011,879.1052735604325,1
32.65941118116408,3.9129294302371687,308.1929955128197,0
27.553578591892887,4.292898475727637,821.040191106252,1
23.288987473307216,4.836241889557684,417.1155983357606,0
23.023176288483317,3.9194229254003776,548.1835751637468,0
20.735098603951933,3.9284516522848665,456.74369154912665,0
39.958017298040275,4.362670778244836,451.0371806037728,1
38.97949878052926,4.83380995882338,539.6489735877822,1
29.49454369096953,4.0807503325697905,262.61896052835226,0
28.51129629184546,3.4913918606329126,676.421317659177,0
35.41993455824208,4.487958255765978,476.09207714080577,1
27.813802827384222,3.6386134224050597,926.8550248350577,1
24.794651339825887,3.67721186221399,537.2866919189928,0
35.72702271113893,3.97757849541754,744.1776177110753,1
32.51400333969551,4.157976254306128,922.1211649918336,1
21.282334571669534,4.932753769074463,358.9665332750298,0
38.87772515166901,4.4155321887677506,125.6332664329102,1
36.720838525517934,4.008399280939409,856.8873997439331,1
29.632242056568554,4.277640344129342,416.6877298224486,0
29.46106870002218,4.535934014542824,768.3231007394436,0
28.50332212552212,3.921302052481091,542.4217909850342,0
21.279112443503397,4.985110598347772,736.4989498258175,0
34.9464642735767,4.386639244130356,633.5554160677755,0
26.758600705842273,3.910759937222843,829.5866772062634,1
29.876736157074884,4.3020272911238,935.2297265523355,1
35.30809557611579,4.681366965928867,855.8690391289676,1
34.11264079646186,3.602715714607004,486.39543832693425,0
29.449242068289415,4.584400504698031,399.4768936108192,0
27.174246907956086,4.766780186971418,405.81170240814765,0
39.384749423347515,3.882648193609325,516.8284738181683,1
27.490682060527277,4.920936997699981,680.6170798114092,0
26.30882868365773,4.3667390270866635,851.7391281819433,1
35.79360154404502,3.4522824473895595,468.9979195427963,1
22.87582447283597,3.528172504372373,560.9721147887652,0
21.655952035625237,3.7457616930051416,313.0290204203976,0
36.547259627873416,4.528106511177629,624.4187101413655,1
33.72509551931374,3.9523063571616466,160.46503992240193,0
25.267181484414742,3.85476774780153,854.8281131184302,1
35.81715239187105,3.8647754766666367,621.5267984752019,1
27.798994816066195,4.495239119487868,938.4721145531673,1
33.06842255878648,4.458617868787184,231.87389282194448,0
26.727536238519754,3.7699715067114936,983.0390094803942,1
21.387886829211617,3.9730657611247526,873.5285913977212,1
35.32138370431342,4.03834189316731,253.3831474504579,1
28.513516893068743,4.574962503277221,415.5505105788741,0
35.81380424495859,3.482968252978265,690.7172231725784,1
38.98498654426551,4.952313364297048,552.682352540993,1
28.47126455991219,3.6255356982335045,809.1747089544119,1
36.539897020631315,4.8206303871241225,489.3532890099232,1
35.16919385438133,4.8104566755592595,938.9358884487038,1
35.61516182044134,3.8522274761035926,770.9849021937927,1
38.24351183677565,4.844626269098812,317.26735192301817,1
36.896493070517195,3.5334284423115894,940.5437882930164,1
36.04218811842749,4.439406980751507,540.6183750994142,1
27.348265907029912,4.624040282656306,748.6801256288354,0
27.691470624966406,3.7126835926050514,407.6282241108864,0
37.75385427704852,4.190074019699176,100.24113816119906,1
27.01854548814312,4.093368197638278,123.33595549803898,0
35.239489028553926,4.743219248547214,357.6742626410704,1
37.286348724688594,4.947748519226567,116.1369146234284,1
24.007933380586227,4.257202726183801,841.7112599755512,1
28.09583330171607,3.8480294891107887,832.1670438535001,1
36.60082964738808,4.946401228629915,742.8624983279693,1
39.087654576729996,4.505260502780361,762.5365390484644,1
20.669340782240774,4.815244810321058,266.4933768026598,0
27.005568496883548,3.5295804673905407,906.0643798306561,1
37.033974639754376,3.667085367603111,599.7702525588969,1
33.37001543628396,4.985128449942177,700.8833012896433,0
35.397143991447436,4.536012800281477,662.4671304978772,1
34.637189593198556,3.4027238819536536,146.57836122854476,0
27.80764657479834,4.355049779984629,675.5674084315906,0
37.76679322246601,3.584451226713552,963.3024276838212,1
38.165364819725454,4.147745493194524,399.51641279837105,1
36.12898734641319,4.2054476920438075,541.2189822271769,1
24.202234731475016,3.6887549787484213,450.69838550377204,0
32.75489317395137,4.554828109523397,840.6760042870714,1
34.67878627078925,4.633494583169397,395.42341286209813,0
32.13629065650693,3.835501669410605,679.548326539848,0
36.783745446648574,3.340950038069142,910.3149601372312,1
28.605546699066704,4.159495935102906,962.9889139311023,1
32.96520606784952,4.243602142495541,194.20713690732853,0
31.086409814697898,3.4329519522260115,580.2640294628995,0
20.55336926439072,4.104342334809712,494.3269806593398,0
31.513861361992028,3.469267335438098,173.14670032540033,0
30.468436967891446,4.815911143968179,352.9664235301935,0
33.83455648954617,4.220755048837601,201.77951698829327,0
24.69100715348709,3.9096467498683767,999.8625948218738,1
24.395517709148475,4.81429582663408,641.5623870495765,0
27.908392546051985,4.248274651590633,955.8842796142612,1
36.40898474788721,4.262212822237652,922.0985421870998,1
38.1409940996655,4.569094636612753,351.5591412188312,1
27.44938541062913,4.3039922268370665,469.2344730359456,0
38.66698135401228,4.014855530914857,804.8511845538867,1
21.976695139422016,4.214529156721845,974.2704702558146,1
35.64070761391011,4.558562053480767,518.628642391059,1
37.92564859266011,4.585644964764638,590.7636967182871,1
22.658050044264176,3.5723420648613757,613.0554095008504,0
36.14382305301832,3.9903042444230006,338.7610966789111,1
38.46431642650549,4.792490160049855,226.25391318630255,1
20.473391698689014,3.362613088253594,157.83952717768733,0
34.836171816420745,4.45752258595348,591.9213676757147,0
35.09342376651705,4.639072383707864,625.2014668665081,1
23.266421326336605,4.960203238537275,455.75361339803754,0
31.26987810270184,4.640983480032205,226.1413683585348,0
27.871123082122057,4.900771109105857,207.79183343232637,0
23.40984057699065,3.430572294949393,990.2154998798503,1
33.38448084873404,4.995721802455872,235.0800978164401,0
34.99307145000426,4.4085802586532985,161.6819672851369,0
39.44156230354837,4.801651394927499,134.2611583995551,1
31.97723430157096,4.836458094312657,139.61958587218942,0
27.935913098090676,4.3629275505126275,843.5895985008882,1
20.40132035514551,4.070519188605284,451.5657630755164,0
30.855010302627996,4.756627049999636,610.0834756190213,0
30.315658757015576,3.9879244855665954,450.71471228473933,0
31.498426208489917,3.839704047416011,823.0011243751105,1
34.97390298437825,4.876167873728676,490.4878079226147,0
37.238742059101256,4.5189578836638775,109.53353249752578,1
39.34998263862301,4.533499256746116,741.7570854493472,1
33.71684834304627,3.929357601486439,525.7658757913781,0
36.00859327742926,4.242030033119753,125.11306567727138,1
23.140956512510368,3.6303824777204294,397.96910287861846,0
32.97758247686596,4.836870529691306,174.51706278411007,0
37.51081243071929,4.6360140639711505,470.4766078284195,1
21.355666385704385,4.07325370187096,483.04377819019726,0
25.162011415220057,4.7528997180578605,813.8540332744461,1
28.45074932129382,3.577259303819783,177.9914884147396,0
34.069571991134204,4.628274376927698,960.861065743598,1
34.17622528083483,4.0185336089061545,259.1161853907224,0
21.164571185365993,4.19133251938372,257.57223637656386,0
37.04988889124714,3.76095184672801,213.03145345553202,1
20.930098325814733,4.7121773477315685,674.663269516936,0
39.02408096896836,4.223071311623107,867.8165270641722,1
26.86709049826983,3.6393119622288257,469.55487058862235,0
39.33883425686774,3.6920583488223038,625.9755649114005,1
29.801630362403646,3.690625255879389,974.3957751612788,1
27.316692927765665,4.10373168270276,789.6576816087111,0
27.075424745576562,3.9146196860601994,205.4845789884455,0
29.535073122225267,4.214874178316714,396.6707602436053,0
34.849064990938224,3.3366303066969953,622.0132685929203,0
24.324091629245785,3.724081724498435,970.1811949964006,1
33.18808430166887,3.91969899720241,884.9169404761776,1
23.4037901600496,4.895502093197857,958.4323811124103,1
25.649002525782272,4.884377017214161,942.429360801672,1
29.316179080058966,4.036442318213627,935.7455794241433,1
28.069282831616462,4.440563594047698,328.97783015681176,0
39.808827436341524,3.441311679332529,557.6928989818862,1
27.31352344005773,4.316856766966895,349.84032267465085,0
27.949549502782936,4.588495714867152,139.80939530559945,0
35.33308153713905,4.193217632348888,599.6150770899353,1
36.136527890013916,4.849296722550781,461.0638012333098,1
39.90763158944175,4.281543576662487,157.198598767723,1
36.7860504653401,3.35938982617086,396.30477762542193,1
25.70088813939698,4.486423902487738,143.22564666385648,0
23.132553813576287,4.434872687117809,445.25263958482043,0
28.636105878101066,3.790640786051427,590.1486376057146,0
20.890751909776036,4.424795613845694,400.48607524388984,0
33.87687608520779,4.793464106068759,176.63463916211197,0
31.77422315101974,4.8642009733905045,786.0206276442253,0
25.387372332030118,4.884627584443349,285.72558576286417,0
24.95293203460014,4.450983044975741,869.1841543507381,1
39.19099554027765,3.714232461541835,257.57807051692123,1
27.806516590444822,4.159109228750571,976.8276476313804,1
28.561558699177986,3.9666058628799483,935.4401166021034,1
25.802293605571997,4.379037839393125,535.8722004445933,0
26.41856283498219,4.64680136513808,184.51434734213018,0
28.49700428959349,4.935721168101209,372.0237356679261,0
23.48953799861174,3.9131345613305863,409.7204894589771,0
39.337762351466544,4.166754848044633,394.66561869385083,1
28.023855544026453,3.5303457646587693,757.6774603153908,0
22.235363929897233,3.456881489225745,842.6932923631613,1
25.480245169369294,3.616209804642389,661.3819220674799,0
34.619081829159114,3.447071944054803,812.837129503958,1
39.94222080945254,4.021001754516792,952.9656417687372,1
38.65494689987776,3.629935803796704,601.4712603944542,1
27.465909097882268,4.565518674376175,148.59369609914182,0
36.72586108555454,3.8183758560191023,224.23819398932517,1
24.309624053960473,3.358522635543561,369.115952810787,0
25.086820937572963,4.779762486649497,109.66533791137525,0
30.595370110071983,4.0660302766304435,414.7345695285017,0
28.725831631786207,4.8060469972374555,699.6005699893996,0
26.015136005389138,3.9079213252205394,471.78610613615103,0
20.50856084906643,3.56426181879315,653.1012495243475,0
27.04402102808951,4.599670578058599,953.8130343454604,1
24.044196476332726,3.391456357958689,438.74969147738705,0
27.27975250738585,3.6860859353494075,706.6857651381594,0
30.04725514991086,4.738143329160818,714.4287102543316,0
28.79061255362525,4.655416722134795,222.47681945584986,0
23.377535869397043,4.224327601624488,564.1661942298747,0
32.194781122086525,4.0782487669328065,623.6684972209767,0
35.63303606638718,3.8457830207671435,627.4691108284372,1
38.86339301929198,4.106198086252416,495.986334547419,1
28.05080871723284,3.5507632211974522,361.73836134217214,0
32.935770985746146,4.2092318879930835,715.3583389662814,0
39.11416030855519,3.367043683032956,660.6665237844585,1
33.97695460653161,3.7425774403000784,191.04911587174715,0
29.78210475141138,4.002099941125723,948.4912862742344,1
35.47338370159685,4.2884349006070845,211.8376879505209,1
25.404837577315043,3.3991087623341913,188.7668947841083,0
29.472634010225462,3.361018207571636,211.82075705610043,0
36.41938836994991,4.207368066901649,639.6478343948587,1
24.548166107157815,3.8166332394353617,660.8891416711486,0
25.658132699202262,3.790701258351619,958.920763171051,1
38.39924052025781,4.930001878224602,839.4663329576335,1
35.376064120513476,4.6269230392246055,785.5376476348267,1
24.685592793570734,4.255337475936695,861.4585060154092,1
25.09426705631684,3.725687010152911,924.4911989740847,1
39.62487021861172,4.798565821004321,567.7992673453008,1
24.411405340054962,3.8219686995174524,298.02208905166344,0
20.420001815263515,4.5441290920603175,154.93669367100213,0
30.143307819128363,4.410944247689922,164.59001351283413,0
28.53215335169103,4.197565157238678,274.57625249258,0
24.48227563062116,4.594129021349574,204.23092013343694,0
36.84175942166853,3.3546843235983244,171.97318462136627,1
28.4616977095898,3.992517320781408,951.5768451265966,1
38.98204123559144,4.354697325423416,871.1277397065612,1
24.3507613037025,4.668951779322092,794.9030493049987,0
26.904470810403026,4.992407310383314,976.3211777043742,1
38.287824887915335,3.475548325818899,614.0370308745676,1
30.523372685109795,3.6984476739871317,918.5967096542713,1
31.270555993833177,4.153190967179915,762.9092380319933,0
24.823203837115468,4.688333435377487,489.018195930183,0
37.978145084751375,3.7984658874201456,183.83392732921786,1
28.295140923685764,4.2704693998605086,763.0491918680762,0
29.88656740965489,3.661493259723295,779.6775922537043,0
29.051792458125952,4.310851660377367,612.355106519153,0
28.9492727604784,4.897525639143057,621.8735740554428,0
36.546400042593405,4.197372394061027,243.94718729343555,1
27.347619768230643,4.724195007547828,365.59168973874927,0
22.963663507596483,4.748465177582826,132.34610878351347,0
38.27805159601343,4.960790640987321,151.7489845703775,1
34.753634176198624,3.353986868021465,182.42391162624978,0
28.68605748913758,3.8191831613962037,293.90346983145076,0
38.1320349174501,3.6508092174402513,472.73206682374695,1
23.595125668368603,4.367547296884495,450.3820723589379,0
25.68092349004256,4.707338852019367,407.2434244478468,0
25.039107891321514,4.534644067682629,632.2426313902698,0
38.83706944038082,3.929779503464194,713.6777648661292,1
22.847910445633442,3.9517730726054463,410.2347666238355,0
34.553579861666705,3.748495643317014,336.3481749445936,0
38.46413327521984,4.115921448831271,913.0457974857729,1
28.12254422114725,3.8258940546576556,977.5383824372581,1
21.448133147411657,3.5265599489209034,929.4674694403346,1
32.391445940989996,4.191953948645618,573.3246262329609,0
36.82506833371018,4.8691993879889255,967.5513119100342,1
24.13829735962782,3.4254976531887333,126.09444569393355,0
25.458751436833033,4.332512579674924,516.750632305442,0
20.130091651265587,4.570398166104187,151.92443856329942,0
36.7060931766126,4.597783467640983,522.7012642690944,1
21.71749050777017,4.912283419140496,511.5795819775866,0
31.758101434440135,3.844584432032474,264.7189648305598,0
36.17567923117692,4.999978106961709,810.8093574748641,1
32.3907233874089,3.931538639908431,881.8489046251102,1
26.76716488760703,3.841866976099395,672.909227633229,0
24.45013551182219,4.235992909418318,238.1233663549128,0
23.65051419927471,4.920065890435113,345.5196124146163,0
32.208809167741194,4.665730450930951,202.62307674306783,0
26.816700578392325,3.48802698465193,792.1400381129282,0
25.74557530602271,4.896068295612526,279.19268639319483,0
28.480841516767534,4.81663513225943,248.98919453545147,0
27.836280242094922,4.788360125113888,906.3471094263024,1
38.94846490916616,4.967930645455049,776.6426312756914,1
38.25681056608682,4.831032586079015,948.2174478796239,1
20.61632676868606,3.7150124129355993,106.57878297003064,0
32.48329602872966,4.287234963589201,323.6959164325839,0
31.58759561683232,4.697808093887177,484.4179317339494,0
24.077128901812788,3.709119821273398,333.24336368242103,0
35.06704932980378,3.4073874333351086,875.9387235888016,1
35.49448899850191,3.839639198129905,631.8945765104735,1
27.731292172597488,3.990443963752801,832.8571927460075,1
20.89576200313377,4.391723951540962,992.4172664220051,1
39.20624505242351,4.353251657192254,828.7353409204694,1
38.71545389610348,3.5032166743398863,828.0659461052896,1
36.857319796469525,4.827545957207388,191.64560615388675,1
37.01111291726725,4.772049445198997,625.2278176415186,1
30.057267794941342,4.0601185224641325,239.70845626888428,0
37.903412524803706,4.153120261454715,626.933467718121,1
34.97563999170816,4.972908940570663,146.9666297920993,0
33.35140558340268,4.484126278298627,744.7928996115594,0
30.555185062874923,3.4059220915435775,451.30407564240943,0
29.66742242714198,3.77954781786787,737.5742322501327,0
37.76360101521202,3.637137051561323,846.9505934876778,1
39.15869865512611,4.377477473637375,242.96801392433056,1
25.133371448426885,3.374452340619812,520.4409613405348,0
25.593011330413663,4.5391225195358995,668.4554374289673,0
36.614729195264495,3.575964666283525,308.32355641369304,1
35.80862250636376,4.663491927442674,586.7443296660019,1
31.496206683706916,4.766312361896685,970.8760413524124,1
29.77165522568756,3.9385022986253047,230.6376872442856,0
31.932203099378754,3.4267177096672654,529.9620029463226,0
22.701014909835486,4.640124513785198,361.97857531792766,0
27.615103060318255,3.6943115358035734,477.07413829281126,0
30.871955027280183,4.806022645416622,584.7665309624393,0
37.937395288568545,4.234688488942221,158.69633224972597,1
39.169690434295816,4.618132527184139,649.1227047232398,1
20.28095636088831,4.018049180989974,476.7205418188179,0
33.64209925499382,4.562822542507505,633.4732239359209,0
29.89473816890151,4.858709837164494,712.1849924270371,0
28.658394639220543,4.293771633024438,795.2657771163036,0
39.74662144686233,4.901562509197857,375.7031161337065,1
21.20660096227597,4.121556954528749,380.20301516167603,0
31.907416081079628,3.750623750629038,636.4671103002097,0
27.12983338876255,3.6447300318754356,495.22733012360663,0
32.04145494543171,4.556300890621876,137.748931325249,0
26.885051489387138,4.639146449602855,732.6871108732599,0
29.991443859682022,4.395794671215898,245.38273096607327,0
25.86074215074173,4.777975734097388,652.4237454473902,0
31.311300557167183,4.384215260428088,360.32772134351535,0
27.08158658288196,4.758268757679827,429.6678327218578,0
37.38800911493047,3.733051469509472,324.65788927683224,1
39.28010380323275,4.000392855373102,936.4290570293815,1
21.084279146589942,3.5379423544331683,777.782546093551,0
27.426254237542906,4.215160870755657,841.9008153613479,1
32.06201868524607,4.265313070258147,738.1674555088151,0
34.2392372412012,4.747028494069525,594.2050477723171,0
39.69206534145985,4.828231956508909,216.38612527934478,1
35.68585218213663,3.8076818706957365,941.3720868476222,1
27.54430630336923,4.408357014902963,109.68159771115074,0
30.529093122108357,4.18797538278306,667.3217186985528,0
32.29227142653231,4.452040655857452,440.8521345702942,0
36.817463406769846,4.909170710124269,800.4617795545262,1
21.741633109323153,3.4353518953689495,295.11635916029576,0
21.363659599419364,4.579791294922279,992.4948131834865,1
27.081258002174017,4.7999163101488005,245.33168837382578,0
38.69258373667331,3.535707634916907,214.23257123523507,1
24.05239305634403,3.7814934459316145,641.435685496288,0
38.86305297990437,4.6086450217381065,387.9050740972259,1
34.84075387830045,4.136391970392394,326.92184484687607,0
22.619052309399635,4.809065269803899,826.6882886840901,1
22.07642573563135,4.424190478852762,474.9061724680224,0
31.59723362335114,3.67432022714223,145.88913577856445,0
23.720719450957148,3.306944644095718,911.9858870152822,1
35.51839269583189,3.586379112258647,618.7326830533744,1
30.29447265397497,3.777519359107031,188.58580211743686,0
23.929086273227345,4.979397898672943,357.3341806120744,0
34.75267690991093,3.8909475742268085,779.3006597230097,0
36.32555991952444,3.9735123526661256,866.7438584058006,1
33.26276199590835,4.899574641111605,665.4274428223226,0
23.501865565962262,4.947029847840334,141.09168907005284,0
39.06695560787344,4.379257250850424,332.5414467484371,1
30.421908163711535,3.360868032295411,814.634937750996,1
36.869635802348554,3.7948537414409533,987.3459047869807,1
22.180663026856642,3.831931180074981,564.2208497837124,0
30.733960699770225,4.878263904475537,562.1846409425965,0
31.192872186104402,3.898169681524281,116.65487803039419,0
28.882670183719146,4.369926238437532,991.2641757110949,1
30.849046404918827,3.528642784776652,279.9445432553444,0
24.36807273824823,3.454229731676971,314.8403817624666,0
34.564001301267695,3.552341826109664,411.7451113548231,0
31.04108865101765,4.020942867984308,524.6362446393857,0
29.269655184231038,4.239756926982903,127.14874530828668,0
29.004279370572824,3.7250889293892904,632.5721044508256,0
36.01122883037112,3.9447217934180827,641.1586002213642,1
23.051279803574637,4.083749192906682,405.88871895112777,0
25.191981247286655,3.4610037131165052,352.1624494067897,0
29.49021864107079,3.9979214080437178,643.381596888473,0
29.742061560332065,4.019914864123961,985.6740826395077,1
36.84790759024213,4.838691547881992,686.6692558858804,1
31.937773161962895,3.9470114271377765,325.0829701130513,0
29.122900633213238,4.262027502070512,798.2076298974232,0
30.245833251547207,3.980575800473666,401.6665920188423,0
25.848551426674554,4.253958971911632,771.0933575601993,0
30.96153103620434,3.60915156155356,976.3408358584041,1
31.40455626978957,3.639243966605532,303.8295716280317,0
23.516404726182365,3.974252264635159,559.5106271761581,0
25.72765976190101,4.1309636501272955,428.77704453667457,0
25.024340747420823,3.492069223087399,269.60459862537266,0
30.23767757062137,3.627329085975336,615.1387226831442,0
20.007608740580316,3.457666812308477,907.743156926075,1
37.35142493086825,4.478136044017203,836.5982296972028,1
24.583504145470798,3.7646721612914114,858.5602360308636,1
26.033672125993554,3.635497367931977,867.9893618387208,1
26.64391237804392,3.6611480167568935,850.0420783249699,1
32.320026186298485,4.673285501140383,585.2779310525302,0
23.673403109721956,4.0952170186571335,360.3961443038879,0
32.47063730634042,3.5504320291140523,687.0308561318255,0
39.57718883945083,3.4278681141455927,689.01596057695,1
28.800948118716487,3.5776437104696117,908.0940338089598,1
26.250529470095078,3.6905915946561647,831.6724152957883,1
35.937403409404155,4.65784061265732,308.25280291515486,1
20.513430437901647,4.576254110202306,704.6421118134148,0
30.890387170328665,4.0793845786580505,767.3638426055073,0
37.66115946086336,4.264252576609223,821.9544682204748,1
24.362574458334862,3.9193860348694205,980.8434524786351,1
32.65957498964665,4.759060170198001,128.12619021625906,0
36.26536570179773,3.6970829448720974,182.80596133651858,1
34.67744456532301,4.922598249360555,120.15049351733731,0
29.59836714812628,3.909833267117545,438.01066658536183,0
29.95956021543099,3.772991297706433,339.3911652365074,0
35.77332901378539,4.494913016299744,674.0133762146004,1
24.761109217439312,4.2426995297024925,187.17540023534121,0
37.61115004611812,4.48233551184245,618.5910207968406,1
34.339366941539666,4.708550631589675,954.5249730994631,1
30.36779331424888,4.9621520590179315,227.12796163059204,0
23.725360588208645,3.508249930198654,366.0122457889496,0
27.411034113089052,4.223007826009361,202.84806684677164,0
28.856833990705592,4.510007406566519,604.3944900117265,0
34.80635659094181,3.708696089971972,724.428581949688,0
25.591891461225053,4.30794685656337,138.91852560056924,0
30.226889898339678,4.049340729279882,802.4304784890545,1
29.597820882385392,3.741289145208408,897.2323525572609,1
20.15284212518153,4.99821613956402,811.7453806699889,1
34.214373797926946,3.769159263432854,888.3206978714929,1
26.459455736880603,4.131396020277364,694.6621853794484,0
21.495885006321295,3.94717514983095,462.2197340998001,0
22.74954114494649,4.116924630489201,431.3865321053509,0
25.35621561980695,3.8271382740872184,275.82142114449493,0
24.744614190236838,3.846023125542292,606.873387041182,0
32.394336944755686,4.802720666455624,650.756918910417,0
34.084624262583134,3.602031059939373,443.2731536616176,0
20.624489574952896,4.405433094643348,818.6554744414358,1
26.45120433816069,3.434331407260534,529.1182475979016,0
30.09239725709757,4.580274209934446,887.9952990083684,1
22.84339943935494,3.513322361410199,315.6998140022014,0
34.20765773337497,3.9076913601091388,499.8386799396982,0
32.14996085397271,4.688112424421792,512.4811841881312,0
37.49093739434075,4.855399527170556,548.5209916184392,1
32.60932208268788,4.912504741138672,308.4608655805419,0
32.10893553017344,4.852806302437321,355.5616624614271,0
39.90651462664055,4.673671584520434,479.1291350312799,1
30.88667188617572,4.345913851758233,841.657589076044,1
29.34324072994084,3.70354750816255,644.0962687524141,0
23.364102989029377,4.592994018387845,449.19808795585567,0
31.304727906141103,4.2888861476585145,575.1821711658733,0
20.794156399424036,4.905303300064829,556.6849182880833,0
23.360601755877102,4.494712494813059,561.659489760581,0
23.941273989646636,4.822884793059524,212.63187490155536,0
39.659758414705635,3.3316487173881764,113.70729480387499,1
25.319500524125754,4.611058963124091,391.3039729522397,0
24.645140823067806,4.844991635810147,343.50083816110475,0
23.327899082666484,4.0026553944612475,922.3679883208821,1
38.56114086078004,4.080490229991655,485.9297529064214,1
26.099330742341962,3.533903079076221,937.7146893427405,1
30.483787661979278,4.4591861905450445,280.18162852209264,0
20.242346663385288,4.1709337294589774,254.63173267939638,0
35.80375629635799,4.128876729960944,750.6193670680746,1
30.802387847458235,4.870978628909862,768.1284828540505,0
35.51540737367134,3.4400552105660247,400.8007457617115,1
35.738179266249304,4.809016194629541,720.9680883740621,1
28.99346272068741,3.822802247583584,550.93944843933,0
36.073035947240555,3.4377999765399467,227.2993786734835,1
37.01794579304725,4.500600464236748,683.5811022525281,1
27.9599991391405,4.58168202497213,879.4266464703293,1
25.501654516396684,3.4420344749884846,195.92322217369696,0
38.43279528217451,3.9866894181692407,365.6361510743156,1
28.27810300553303,3.580668516186094,630.4798459988893,0
38.80900868214657,3.3514815719402735,307.1711185163256,1
32.14409331816718,4.014306449765566,934.1670035769504,1
22.52737125904934,3.5360232530754443,250.93955659297893,0
23.214769334261124,4.5114694856827775,518.1741312427041,0
32.69193257469968,4.255652688237368,969.8057436665063,1
32.67316280554785,4.196104143759992,222.63815463974808,0
30.871040120739682,4.629934955394663,900.9343332404701,1
37.277422637292055,4.634788019243285,540.7054839376899,1
36.8192341807346,4.192532659089605,967.6479205609659,1
21.37581255126122,4.351576646161732,118.73542798249328,0
33.051862346588265,3.7546315557153727,532.5915989053838,0
20.632389505052817,4.127623044143049,228.30811079233695,0
20.145104965244055,3.75200034155207,504.55258748529394,0
30.560317275751235,3.526287547168119,205.88943214197627,0
34.17118489220348,4.274949515316978,810.6288511310804,1
37.220901748805474,4.191299805667613,269.9678312834947,1
22.85110245275815,4.937933648643987,249.4879603412661,0
39.14796439249099,4.928836069008399,452.63405681264203,1
27.4065086360882,3.4308829653909583,499.7791410990509,0
39.08172574238449,4.923741793001184,750.172483283598,1
39.10944716143774,3.938579951662769,927.6332239536665,1
31.917185348516206,3.759565814810135,788.5216967511502,0
22.514054280138662,4.875445293694387,544.237311301628,0
36.72250296178559,3.529102297669033,111.06060431608908,1
32.32623797412491,4.475443050818289,713.3478870893422,0
21.65745873789526,3.44747276814872,402.28953228385166,0
28.090853765725306,4.066987537049585,321.22037734994103,0
37.49194371054567,4.697314879980485,402.9205033308427,1
37.13228408279346,3.993646477040648,289.8489022789098,1
26.295921580307976,4.068756851467996,919.8242233164663,1
31.815954745592542,4.080507745538792,414.59617355345415,0
36.67555402802351,4.046643899394114,280.056653626177,1
37.8497485540095,3.708030379262273,116.97395191854197,1
32.67905634364553,4.901968091238901,525.0687821144094,0
32.69043201639521,4.197670307022255,999.7363986497672,1
23.99673621320727,4.050827025953168,782.5685044294815,0
26.058468833837154,4.147439744249395,766.6186910968294,0
26.732798436248213,4.663110303514797,498.32670558419375,0
29.199411184351277,4.728536500910132,307.5532430397966,0
38.4012989185631,4.27649146099254,212.64698499920615,1
32.046853111091934,3.553277871732888,770.6314785553353,0
29.34442212075453,4.576011687291399,522.358428510667,0
25.48044787215517,3.851813907062029,671.962359978138,0
32.59956274118814,4.45111519050465,150.48303811921198,0
26.237805889872888,3.8545813697952447,203.7157820412262,0
20.560835410636827,3.798633123865229,861.5895539276298,1
27.237552492873103,3.550501570420347,444.133702754363,0
39.53916814763973,3.605138437788961,542.9585122128052,1
32.90398488587094,4.149956661438344,520.3597678236246,0
36.273123567236055,4.381292519861553,667.6910518806982,1
26.476005868110626,3.8713163059412734,169.86250539159823,0
39.93616001725303,4.5960056715043995,157.16463441985823,1
21.325886764865448,4.710083377227863,856.0080127216853,1
39.98245541464087,3.5378298799540833,968.1945087913691,1
31.08243087716889,3.9331970122758784,470.3668063135538,0
24.539959716624278,4.530418408236378,144.69467035062004,0
35.43705365197448,4.481572406178515,979.4198546257566,1
35.96157574061381,4.200419700450577,888.4928049196924,1
31.560715513033692,4.572682594257451,923.6798561901267,1
31.837008424790355,3.446814671850088,890.4497754539966,1
39.80581072664411,3.824015882398849,539.0610965445442,1
30.204225012221258,3.7085240764798226,610.8484667484097,0
22.40758291676046,4.927659554982054,779.7624792089224,0
34.90469026772727,4.149876241850945,481.5758372001659,0
28.48795468646747,4.158032907516117,243.86009572660106,0
28.577849373507725,3.7173393945837874,852.1434019669797,1
27.84237511166102,3.9566046139697035,437.3924084497769,0
34.34734550268179,3.7504255521182497,419.37903067397656,0
32.34499050573765,4.729520741126144,819.9594370682385,1
21.404970012388933,4.774786759299422,801.3704244618182,1
24.412114612347416,4.301669274728724,152.5362559999292,0
37.1844860666179,4.550538667431649,696.972569210214,1
32.55622757957772,4.384664713983183,295.5634806191207,0
38.66250220453425,4.198968036225702,126.12920604035529,1
22.00728327754423,4.398831284985936,930.466523143718,1
26.540287910133152,4.232242228714372,285.30744130577295,0
31.575209701067823,3.6699576438996644,634.9956475514527,0
31.841299582490073,3.506590552451363,126.63409277611741,0
30.315684834411435,3.5688774831245005,157.21707960250203,0
25.161471552074083,3.8123588461964317,411.7766930027092,0
21.765256839495926,4.146216913932391,278.71024447758305,0
35.190116544154726,4.782852386827348,189.6760448708369,1
34.30673951820556,3.589975165343195,555.6560221583819,0
21.326697181074927,4.797108263201386,173.027050654747,0
20.127080751950864,4.067692610226473,405.7067624355963,0
25.79360331402377,3.3294138251878125,196.1826257921893,0
26.703313055636713,4.2104261646803804,775.2391869699819,0
24.86571446862917,4.41281448530931,964.5450774465312,1
24.33584678778026,4.512616005374251,624.1169088053925,0
30.257171122697745,3.6324147337261112,693.4077447397898,0
21.073184923765325,4.3554061160893145,324.74635539863755,0
20.384530501280707,4.186724375180858,464.6337900296813,0
23.788566929604716,4.531113502921471,362.2571232170325,0
24.901234110058184,3.7628809918601767,204.30868909949066,0
32.60222292472466,4.833824734400247,504.64897971815554,0
32.26169430926603,3.709980918305199,469.9215030940548,0
38.84566121448678,3.4620832479560675,501.75804479218357,1
26.4736540408106,3.588315099787828,781.3351880690345,0
31.05548087771492,4.982298538233739,514.3930578062949,0
35.5527696587789,4.350991727958455,174.4772389895807,1
22.937809673183345,4.8001247173194495,960.9398140237212,1
35.29406086961937,3.93088755691795,612.2254869374707,1
20.95834807338258,3.521251298531867,828.6587863360648,1
39.45980403271906,4.8680409090697125,720.8399223969424,1
25.640395972631843,4.5004850516693775,921.530787788874,1
31.087555947340093,4.645254016205174,259.99246530629307,0
36.04211929687132,4.814198248203623,707.5584123888366,1
21.165562839833157,3.7401210259327846,353.5733139597821,0
23.36389624117497,3.869819397065608,992.29161699899,1
25.26047759567387,4.086390625739979,384.9162706492448,0
35.0147617572622,4.655892911653204,275.4105823187461,1
39.86932186903309,4.90362135375094,142.58922123324655,1
36.26006690181619,4.020259258404113,689.7309787275938,1
37.822078475687746,3.3771514614183267,866.3463137645539,1
31.254417677127126,4.535170362109795,928.6697107739078,1
29.701803219790662,4.165799906074805,927.7568804109152,1
23.657820363611947,4.13432370890021,167.2390089840934,0
30.457492562046426,3.322044316591058,705.3306091336682,0
31.631592320289503,4.586171116726133,581.0770432644819,0
26.8715735700193,3.3608031802219616,188.72809576575628,0
26.676492918928908,3.539667385376957,345.4876436354799,0
24.752540591333968,4.225715604422195,914.2419273935608,1
23.455605567988364,4.33259912508276,108.10512469210867,0
28.710314234263322,3.4435879343760925,637.8204445595348,0
24.795372965518364,4.683762414021306,328.08605069341763,0
20.598993541619713,4.134213839267612,973.6720107070639,1
24.88716081421266,4.862359671396339,614.0512751346428,0
22.20974785927304,4.657841159545109,316.72325656769783,0
29.708393839523115,4.679079751048197,802.6504163394013,1
32.51402920468732,4.915189093622743,357.36754731589144,0
25.74052879312341,3.311267373382613,165.97324199730724,0
26.730510518724703,4.275690694918406,376.68118907532005,0
27.999876028289023,3.74979113347627,188.85561631785353,0
31.33247485019325,3.6958037842252693,678.57883974183,0
37.07732044212324,3.463732416529605,865.8744920509384,1
38.082746268498695,3.728749255857589,691.7951082836388,1
23.01860332904321,3.7045654428007735,179.85224061242292,0
29.693863458409513,3.910338523098394,604.1369086993504,0
25.8630378358622,4.792510220774061,236.8852366700843,0
28.558712544621734,4.953135755455684,630.7536617382627,0
32.31004067771536,4.677192620724339,173.22558656194042,0
37.037393632324296,3.5568759948405746,188.7106019448649,1
22.729377826327774,4.244807565887986,500.8521473064485,0
25.749315577709773,4.4448395080897605,389.73890961336406,0
31.291122376734005,4.875620667557056,584.7158551544093,0
22.143611960533672,4.777899682223977,126.71003711519134,0
27.81072918885086,4.062928993581547,927.3613666128637,1
39.156483451787864,4.404739116917596,254.55715759063708,1
38.02909193697549,4.259583493966861,490.0737463479495,1
35.613156669158585,4.950528387317236,352.64041707748146,1
34.30291228313253,4.282270498126683,517.7276452750625,0
20.3143305788263,3.858724374023577,744.1862552076262,0
27.481760242686146,4.594088280652031,929.9141805139974,1
20.582138827442417,4.537001458609414,732.2483520518053,0
27.319683087952242,3.597998150596494,830.953910909234,1
23.71995778329939,3.788071234756857,123.89505882508927,0
24.165466904174313,4.111259680590033,731.252509641311,0
23.101956674612254,4.083227085589078,708.8429903014398,0
31.436643801759868,3.449997996765136,984.895758912189,1
23.279151334887366,4.350223481023338,687.3138902604477,0
27.406738778618035,4.494978981815004,924.4177544522148,1
39.9129327587398,3.942625127117491,669.3836272644351,1
27.998875607196652,3.350782236508372,866.5728166182513,1
23.096347939704025,4.663460751394803,839.7870561127447,1
38.252752749508645,3.3828596614225743,374.9750107284099,1
23.796371208270898,3.479883788664742,869.3457012375472,1
32.913880113939975,4.0337720171615015,148.81223316462285,0
36.09560422372788,4.12543857692626,942.4458713651254,1
29.835590681669586,4.306566127275455,547.4254126131543,0
37.50574900024492,3.658393242173161,252.7781703294648,1
24.203221595922827,4.016377115894824,237.857048524455,0
21.65856985968736,4.466510105872167,713.1906305279061,0
21.66286966834946,4.375968421495586,986.9762429341549,1
39.05767109661775,3.3699792711008865,312.70984292861476,1
30.28704004998142,4.831678002168799,261.14451321769707,0
32.719705039209956,4.840899074037982,337.51262584797564,0
20.33620504827247,4.4555918327502955,716.5517542605573,0
35.97002421177042,3.656268338195223,239.6811194788884,1
23.378060892623946,3.4011973698781253,783.2156533459685,0
27.531288331845563,3.6563484595250193,410.24169530871126,0
21.87077564785748,4.36986999205201,248.9330112758852,0
27.323264079288478,4.479793824300659,743.1197770972084,0
24.220775196752893,3.9624120107707714,853.6666998750172,1
26.609523797454635,4.486049761236172,809.6024685190657,1
36.128089395940506,3.853698785932849,434.58215263846745,1
36.51481042009279,3.504770229835556,463.7423005572993,1
34.21131923848353,4.79839637107945,133.97131387557985,0
28.73680674714105,3.3226205777165627,626.7094763201216,0
33.01637932401191,4.35318258992797,510.5673936211008,0
32.961810300187565,4.870965446005869,766.4653433843908,0
28.197368275949284,4.285445119238494,765.1567171862982,0
29.050875238361122,3.3951414587797295,270.7385119272591,0
27.16584729163862,4.030609721972812,482.67963507784225,0
34.70686953358102,3.6177782400836622,919.0365789066258,1
30.376430335562087,4.081069833060919,892.7590514423722,1
22.52185855425259,4.159072993544374,264.8779080016076,0
24.116444793126988,4.70452653812622,223.2463612924364,0
32.36214749022273,3.7584128530311913,694.8819046036404,0
25.621107752168136,4.831264679670657,383.1081414379803,0
24.916497390959684,4.736712509671566,391.6743940196021,0
23.052358100953608,4.450662124426829,589.5550943217318,0
25.216138257492148,4.9544902031394855,502.7688926988276,0
30.69404592949863,4.104218546661578,694.7931622782853,0
33.72153621243271,4.544141569234567,528.3143336426293,0
30.543048767172515,4.07523493106389,364.94893736560675,0
36.26536575561462,4.583572678972071,550.7798838976985,1
31.601780807393492,4.045581234364493,788.6211298242796,0
31.23131263699034,4.5455951932700245,765.0508731957262,0
29.388384982581872,4.053795241421524,560.3092787104049,0
20.426264466729982,4.14466207424414,432.8229737960837,0
27.16599919259742,3.6643104246613167,698.8616039222878,0
24.04438616276645,4.920755501637963,928.555028174603,1
29.981874333165187,4.161063682530102,927.5480510321124,1
32.128995300406174,3.4858354473309117,490.2792158135083,0
36.15907069724497,3.661835724813973,466.6220554041643,1
21.20713213213707,4.042763525398929,560.5987520898698,0
22.238644430633915,3.6464237599082776,990.5721242048254,1
20.127359314501025,3.9767580940866467,502.9152772915432,0
30.006459981422722,3.4859824427322965,901.5692649051057,1
34.96815703327015,4.920231121704883,426.0141330624869,0
36.656311801037944,4.595437055140759,222.6716225207864,1
37.06995086828562,3.404087205838198,121.99930386240487,1
20.58850253442357,3.4547115688287704,847.0276098188247,1
27.857252880647973,4.55871851380239,611.9098640851607,0
24.60982524369321,3.92422677281318,781.6741325644434,0
20.04244809313144,4.848032252197678,822.1227929495914,1
27.3825092331203,4.666906457519206,901.4722790356383,1
26.240900669391934,3.4783577170425755,926.4792687946306,1
24.26760671065714,4.481936049443138,741.9264812675049,0
31.45034851087898,4.734233577922097,856.5981796636173,1
22.74583400151771,3.5451989010579683,975.7636986675885,1
23.139636866750244,4.383395987770513,855.649174959256,1
22.777736997728525,4.684468210716174,228.2541611203073,0
24.974401090872433,3.7050947144470356,658.1856038715893,0
37.26127962514076,4.707683966929648,255.88875363052065,1
20.94729029492787,3.863044232706735,846.1409989845661,1
21.29344450324472,4.375323266823425,566.1008984144778,0
33.12337179062203,4.104787523320767,675.4532497758829,0
37.836923059053476,4.990271818473731,770.0629412698935,1
36.405656111934604,3.758632616163913,941.0278946530011,1
23.623198095266027,4.052436462906053,220.14960210041178,0
28.12968722273532,3.8100072742061575,930.6576745197614,1
32.6179766074297,3.4658674416632436,824.4475326300351,1
25.010630725418437,4.336347857310237,261.8742439191816,0
31.35076247855832,3.8553725688815272,996.9686429343193,1
21.646418198158102,3.6988114017581792,891.3090159348138,1
35.8107970431858,4.559168593863456,128.9598933016901,1
37.13093631710857,4.222036337385903,401.6423144127799,1
37.102558483180744,4.052969146512489,555.429617705859,1
24.96121337385702,4.176769903558132,300.76458113445085,0
28.228563892530467,4.69256131122877,276.1325622910685,0
31.249194263684913,4.487420699672443,110.25705439710318,0
39.51183804170454,3.420370246436816,281.0215462711474,1
30.05243274308203,3.715442764383757,519.7931420610108,0
31.773721813336227,3.380479234452686,555.2266175025798,0
33.7440628168204,3.746201979821716,397.22950064568437,0
30.61784143934982,3.594861721100579,994.9774028224127,1
20.824209133831356,3.608087565515646,483.61525486060526,0
32.531313302563134,4.887881423261133,803.4182755254851,1
20.494683429796595,3.862862488985692,305.62795904634345,0
25.180614508132845,3.8232016016522463,812.0977221946519,1
28.603761234029825,4.784975657956183,667.4619944894337,0
29.58500820790114,3.5399034937161766,229.91987297370912,0
20.125529594631804,3.58004258891446,884.5249981314875,1
23.47059982895042,4.619697888378406,423.2188060871461,0
38.37771583973189,4.10943433946383,511.6806145525558,1
30.12284943234219,4.404699701892298,622.8452152773962,0
36.08352823833475,4.787170927384608,514.7540789912346,1
28.862889597586108,4.389886803796611,425.07257823404956,0
21.41212039096269,4.299643559349206,967.0052848562879,1
22.225719890046662,4.1862536550159595,894.4095652037056,1
28.396873909517375,3.7943863185741993,825.9690331236934,1
30.411526290956807,3.790579702640572,198.06345446393942,0
32.4816946312247,4.5572092514910665,347.9134491706882,0
29.21212833681498,4.538928570314611,784.6897519094714,0
39.69407834001068,3.5045458889425998,812.4130307415792,1
32.64412941875854,4.6547882862242504,930.4597666214545,1
22.671848366548975,4.460774598918488,884.2212917213184,1
35.48312596016817,3.4384948806848747,501.94319008438015,1
23.392667349033726,4.996241527638389,694.3965479153819,0
24.68346172325167,4.910891951658418,965.4110660816784,1
36.044103255634184,4.348412173209493,156.26815883175976,1
23.70406361091107,4.144041308701033,949.7730471808036,1
37.05571934279939,3.5744579807706267,211.79536143908234,1
38.7693189330994,3.959082217130219,780.493280963433,1
37.913697290500224,3.3039877613581377,820.6847744423313,1
34.635393851433335,4.604236075748752,358.6508013075931,0
36.93562080551311,4.050904915934032,337.6013943155704,1
37.004651565121165,4.710468934687746,136.16252957611945,1
24.87166053794864,3.620042861373248,931.9196782408688,1
25.257148543207226,3.594047890835139,387.1279464071227,0
23.575561105140423,4.204713249111849,121.91590430390325,0
29.29435900832141,3.7927011010284755,177.48197558954774,0
33.74753443920145,4.954667075912553,588.3818313477445,0
28.311509326046007,4.138049610039842,320.2913614704607,0
24.143015419695892,3.8483846144483067,558.4082736350618,0
23.849615168961254,4.602672160876981,763.0849946526672,0
25.650539413254133,3.9644795625060105,981.9034069392927,1
26.772171576078122,4.9364287435307,492.06662489394455,0
22.67558336618154,4.614210161770974,865.8961535993702,1
24.841021386308395,3.571426240282065,945.8534082633739,1
35.26445908882365,4.942401609550789,225.08555297631244,1
28.594900456258753,3.7063871241195026,474.9316337474754,0
29.710929665113824,4.654097708188989,966.0917415165833,1
39.70810916245346,4.531568662500341,580.8911227937356,1
27.30265671248236,4.563711858905799,917.2837393520126,1
30.06509474791334,4.675560432899061,269.5602055753781,0
34.918138701171884,4.172260966791783,726.9877806132555,0
36.77838174073872,3.6271889311881917,717.0683601090886,1
39.333967833084984,4.410417767953922,928.6988458426912,1
34.10187470330875,3.4131234878270944,693.5267070935594,0
23.64265960140838,3.34743076000065,607.7315761614561,0
22.994890028611103,3.785233245609065,880.1156940027554,1
24.882000777106818,4.249880771787651,144.52723173156897,0
29.189776197579036,4.1986041835564,683.4810258133364,0
21.735052991396447,3.9610100905413015,850.1699635162219,1
30.70878156389533,4.473486780883042,714.4012548197214,0
38.85744331129847,4.204256502621408,640.8782576159997,1
24.604501976291875,4.179680592445641,594.1217824790854,0
22.254353208355436,3.4476525282633608,336.91536909363344,0
35.526896761594614,3.5777420851056445,605.2273631263056,1
35.54461393644407,4.076902026581821,388.616027689427,1
37.3666701041564,4.918465558157249,116.45375983000149,1
38.39672024437223,4.326835512927692,783.8861949491294,1
26.60014068222629,4.893797580453806,337.74031189801656,0
28.97765142439399,3.8841379232910644,480.96863398718506,0
28.895677160922443,4.157166174476675,262.82189096468875,0
32.793552018327894,3.864637197812905,459.4381357189593,0
23.412414527216015,4.634230086279429,880.6338074938706,1
26.215803813392057,4.552699118198307,151.40290430076868,0
21.264420177100916,3.4729403575804287,524.9451936598306,0
22.55600179958541,3.933885675606274,263.61991826645146,0
26.059549962281977,4.958281437578767,921.4581923657097,1
20.547403591298487,3.9320646897063334,760.1659603424015,0
37.59291628405507,3.913276025943537,417.7522700138288,1
35.18713575774116,4.249841988825832,718.0377262718624,1
33.51883228257188,4.8746743795591225,120.66708942823841,0
37.231260715487196,4.509832278740019,434.66830886486434,1
29.82124082085066,4.904971338457627,501.0830710067031,0
20.85336017404773,4.658183274436077,924.8424619349051,1
21.875580163478876,4.834208120342636,184.6661387118688,0
21.643437267626346,4.575057205837648,601.6104774237867,0
38.786916884812285,3.6368128387755134,112.18604232618975,1
29.431950879852455,4.460164562899682,587.2413621438466,0
22.680178238176637,4.356547890743648,625.773062592294,0
28.482667429812025,4.258701221654637,491.98738293022257,0
39.48992739622079,4.114134866140974,270.75485882708335,1
27.861220474083733,4.623501076086407,639.5636355923855,0
35.222063840356,3.3847847001751123,325.7879367188176,1
27.887311073847894,3.8925627033605568,576.1551665521181,0
30.75783842435271,3.861701416956781,932.9916076379393,1
32.88099793689823,3.429308707417155,523.2072423662003,0
24.829487789360613,3.5183945650665924,915.0651577297081,1
21.549793065380932,4.650451833276505,455.9246235475151,0
21.692664064684266,3.8906438750498027,663.5509851474222,0
21.971662947106076,4.823811330750752,952.842461929132,1
33.437852516964945,3.36311041615262,961.7754035171137,1
21.093194219803866,4.7933762884252475,821.9787195226909,1
22.825936971561106,4.174932675719866,459.4780842313556,0
28.10831784331841,3.7911242520653765,182.42706829149557,0
32.853566097404226,4.796180926359656,505.32717703200495,0
26.369670415378522,4.365602200504764,105.80468037068135,0
20.977008984639614,3.964333214622616,433.80519760875734,0
29.614109437363368,3.459153126918512,462.17075538718603,0
21.717817904645635,3.9616003562027817,641.6233767390444,0
32.66700935934215,3.949284352192954,180.117714089157,0
37.87612637011593,4.34353552660231,441.49892271307846,1
39.57980407339703,4.34548412636272,931.0432840498376,1
32.80101442810128,4.591301559064816,921.0771627075161,1
24.141982012631434,3.4617881610042334,910.120510142328,1
26.468874744242683,4.896151772375017,338.53182650161546,0
33.16672898068726,4.198414011874039,748.3061381651578,0
37.930456411995436,4.513028403458536,602.4686629422404,1
35.58429270293096,3.82587465258107,906.6257864099754,1
32.98487628569154,3.4672263431708834,537.4725028546709,0
23.682980975336353,3.758881505915134,907.6285991929714,1
39.47066457910658,4.225259385005329,330.6317559429808,1
37.45021314813582,3.8934247836226312,808.3729775339787,1
28.094356973506724,4.75840985594699,151.56634868450365,0
33.64859341618626,3.8390653454135206,487.36776877008054,0
21.843132443275127,3.49135588495391,992.1066739611447,1
36.45253743207477,3.649246562662635,660.7649717047808,1
23.562637533578055,3.965131776301165,176.86380395734585,0
22.36998531239323,3.711873204000624,587.5985988941204,0
22.464263785001354,3.910931456187712,415.535224173055,0
34.518393224250474,3.9471342700813157,753.6767407978814,0
34.091986842166534,3.8168442377329526,126.92227589340733,0
25.11593246482295,4.608293047109791,443.03422255535503,0
37.99480752277013,3.8531846612316474,155.7371811759335,1
31.272739693989827,4.275403300660717,651.5758149721698,0
29.87863206714959,4.9586159948334885,304.50655097048264,0
37.14182863409813,4.8001617435444714,568.151337202062,1
25.53602853110984,3.517436796601439,679.8535328775549,0
34.472983847250646,3.721747029967988,764.5577497896302,0
23.789687621066918,3.3033011177700184,859.8563876566658,1
25.484191316432312,4.402375255691679,544.1861661295196,0
20.546943427588733,4.196462792939747,267.84266404607,0
32.72815020580405,3.6220708425072545,715.0251874787407,0
34.9024317760798,3.506726659724076,722.2239239554268,0
32.636402928635434,3.30408027080978,226.0957703455412,0
33.12022851482432,4.42709563695087,401.82395151017323,0
21.738334446427995,4.87980047350623,856.5446886521864,1
23.493450927474402,4.262670990654444,517.3047333958568,0
27.029332938712994,4.6017520193747945,939.7195206377326,1
31.404666441039403,4.135599476574467,330.15993584993447,0
24.944425532022752,4.919277646973825,942.2525054675363,1
20.167614126635094,4.559991793099862,635.0531741897737,0
21.693314389999486,3.6929895667080683,470.2989089121149,0
25.26884332666346,4.9290822813704525,231.43704871105845,0
26.301733535260418,3.9911266091516095,560.0620776573451,0
24.185636552011474,4.814329155739891,575.0323736693821,0
37.15733540140697,3.3226179545503935,398.78680511389405,1
28.50578898220334,3.7366564273902827,408.3054741164463,0
37.47053784137326,4.236920950181749,797.5114112302756,1
23.74994770855468,4.116922149989339,667.5606552047561,0
33.98768759816274,4.486914650611233,167.71779556117312,0
31.508994386939584,4.26658525635113,279.51097331609924,0
32.518890208793394,4.301039249783575,625.3677575568363,0
37.64090962881879,3.5838850862095866,882.8245512693309,1
20.181638491972144,4.308219080200207,463.73400777785747,0
28.99546799357956,4.066832721975242,635.9359671590996,0
36.52882119525414,4.00665563216824,442.77921616207453,1
34.691304400693255,3.9972533558410457,859.9986477068987,1
35.25345357972686,3.831321581387357,773.2494683794087,1
30.741756689391927,3.5344449483065103,559.63517961118,0
24.27633050892993,4.507809537604893,453.4301137606246,0
31.202224791145717,4.75521872359637,492.0326593130729,0
29.889860432408334,4.8197008978859275,268.1118582415992,0
28.707444866481225,3.4639722926518273,211.22277556564103,0
32.63856909734405,3.355823343728783,339.9521580675296,0
30.354786458082533,3.9526944127539103,879.630588827727,1
37.31210286320285,4.947253327733417,131.86059103381788,1
20.772906697382265,4.754942578429473,764.3847671395921,0
39.15546823912744,3.8396423309423326,335.2320990222397,1
37.48654406183746,3.9957273810432503,637.2849016311266,1
22.03105855121086,4.5986083092755,189.7669679850029,0
31.06490118341698,3.84931021238995,134.95071234640162,0
